Date,Price,Open,High,Low,Vol.,Change %
04/26/2024,1240.5,1227.69,1245.52,1225.55,188.65K,0.55%
04/25/2024,1233.72,1235.25,1236.99,1226.76,157.69K,0.13%
04/24/2024,1232.17,1210.05,1234.87,1207.92,215.46K,2.65%
04/23/2024,1200.37,1207.76,1213.96,1191.61,252.38K,-0.52%
04/22/2024,1206.64,1204.41,1214.24,1200.15,189.96K,1.06%
04/19/2024,1194.03,1207.21,1210.32,1186.51,299.95K,-1.38%
04/17/2024,1210.74,1232.89,1237.08,1209.42,234.13K,-1.78%
04/16/2024,1232.7,1228.32,1234.28,1209.99,353.36K,0.39%
04/15/2024,1227.9,1283.98,1287.46,1227.9,462.54K,-4.42%
04/12/2024,1284.74,1263.17,1285.3,1262.41,248.40K,1.73%
04/11/2024,1262.86,1262.96,1266.71,1254.64,169.92K,-0.08%
04/10/2024,1263.82,1271.37,1276.08,1263.82,195.64K,-0.24%
04/09/2024,1266.92,1255.84,1266.92,1252.58,173.36K,0.97%
04/08/2024,1254.72,1257.23,1260.17,1248.24,222.16K,-0.24%
04/05/2024,1257.78,1258.11,1265.65,1251.84,258.24K,-0.78%
04/04/2024,1267.65,1274.22,1278.67,1267.47,259.16K,-0.52%
04/03/2024,1274.27,1287.64,1290.84,1273.15,257.48K,-1.40%
04/02/2024,1292.3,1283.11,1292.3,1273.16,365.46K,-0.02%
04/01/2024,1292.62,1293.36,1298.59,1284.2,227.98K,-0.33%
03/29/2024,1296.9,1305.41,1306.01,1294.97,217.26K,-0.48%
03/28/2024,1303.2,1294.29,1306.4,1294.29,274.15K,1.12%
03/27/2024,1288.77,1288.19,1290.76,1279.68,188.46K,0.20%
03/26/2024,1286.23,1270.84,1287.89,1266.79,210.11K,1.28%
03/25/2024,1270,1283.64,1288.91,1266.97,269.84K,-1.10%
03/22/2024,1284.14,1287.63,1295.79,1276.81,345.96K,0.20%
03/21/2024,1281.57,1267.37,1281.57,1264.28,273.24K,1.79%
03/20/2024,1259.06,1236.45,1262.31,1228.49,295.41K,1.97%
03/19/2024,1234.74,1235.48,1241.23,1229.02,197.18K,-0.08%
03/18/2024,1235.74,1256.37,1258.38,1215.67,407.03K,-1.65%
03/15/2024,1256.42,1258.22,1264.77,1244.01,260.71K,-0.31%
03/14/2024,1260.32,1272.36,1277.29,1254.72,258.71K,-0.94%
03/13/2024,1272.28,1242.24,1272.28,1242.24,228.30K,2.42%
03/12/2024,1242.23,1233.81,1244.95,1232.4,231.98K,0.58%
03/11/2024,1235.12,1250.08,1255.3,1232.97,284.55K,-1.21%
03/08/2024,1250.2,1277.31,1281.52,1250.2,420.64K,-2.06%
03/07/2024,1276.56,1271.63,1279.92,1266.52,249.31K,0.43%
03/06/2024,1271.07,1280.38,1288.06,1264.44,290.73K,-0.71%
03/05/2024,1280.17,1269.5,1280.17,1264.84,253.29K,0.92%
03/04/2024,1268.53,1271.05,1275.36,1262.9,288.44K,0.12%
03/01/2024,1267.07,1267.31,1269.07,1258.83,256.48K,0.10%
02/29/2024,1265.75,1268.94,1276.9,1258.26,337.86K,0.03%
02/28/2024,1265.35,1252.14,1265.35,1246.63,296.53K,1.40%
02/27/2024,1247.91,1238.55,1248.24,1235.15,336.86K,1.18%
02/26/2024,1233.31,1223.83,1234.52,1220.3,249.87K,0.84%
02/23/2024,1223.09,1241.28,1256.11,1222.94,466.16K,-1.36%
02/22/2024,1239.9,1242.15,1243.58,1236.29,237.78K,-0.18%
02/21/2024,1242.08,1241.01,1248.23,1233.97,305.49K,0.03%
02/20/2024,1241.65,1241.93,1243.81,1235.86,245.24K,0.12%
02/19/2024,1240.2,1228.71,1240.2,1226.97,328.46K,1.28%
02/16/2024,1224.54,1221.31,1224.54,1217.46,209.16K,0.61%
02/15/2024,1217.12,1213.84,1226.09,1213.84,288.08K,0.36%
02/07/2024,1212.7,1201.39,1214.54,1201.04,201.30K,1.13%
02/06/2024,1199.17,1199.73,1203.83,1196.66,157.84K,0.15%
02/05/2024,1197.36,1176.74,1201.33,1176.3,293.64K,1.92%
02/02/2024,1174.76,1174.02,1178.85,1171.62,219.97K,0.12%
02/01/2024,1173.35,1165.05,1175.62,1164.77,158.51K,0.60%
01/31/2024,1166.33,1183.54,1185.27,1163.51,389.45K,-1.30%
01/30/2024,1181.71,1178.9,1182.49,1176.91,153.23K,0.22%
01/29/2024,1179.17,1184.54,1185.62,1178.29,150.51K,-0.31%
01/26/2024,1182.82,1180.02,1184.9,1180.02,141.24K,0.45%
01/25/2024,1177.52,1180.64,1180.68,1174.11,148.29K,-0.16%
01/24/2024,1179.45,1182.22,1188.11,1178.53,216.66K,-0.37%
01/23/2024,1183.85,1191.54,1193.19,1180.91,199.94K,-0.48%
01/22/2024,1189.56,1189.98,1192.57,1183.04,257.23K,0.37%
01/19/2024,1185.23,1176.62,1185.23,1176.54,220.57K,0.96%
01/18/2024,1173.91,1168.44,1175.6,1166.29,179.92K,0.63%
01/17/2024,1166.61,1169.52,1177.01,1165.32,220.04K,-0.31%
01/16/2024,1170.19,1157.85,1170.19,1155.25,198.44K,0.77%
01/15/2024,1161.3,1168.07,1172.16,1161.3,197.84K,-0.20%
01/12/2024,1163.66,1161.72,1167.94,1149.61,372.89K,0.01%
01/11/2024,1163.56,1164.8,1172.49,1159.52,258.08K,0.08%
01/10/2024,1162.68,1160.5,1168.93,1158.53,349.79K,0.21%
01/09/2024,1160.21,1163.61,1164.86,1156.01,220.97K,-0.28%
01/08/2024,1163.52,1164.43,1169.95,1159.73,234.16K,0.20%
01/05/2024,1161.14,1156.71,1161.53,1152.79,229.36K,0.41%
01/04/2024,1156.37,1145.72,1167.27,1144.57,422.18K,1.01%
01/03/2024,1144.85,1131.57,1144.85,1126.57,179.48K,1.17%
01/02/2024,1131.64,1137.11,1140.11,1129.78,184.12K,0.02%
12/29/2023,1131.46,1130.89,1136.02,1130.09,179.28K,0.26%
12/28/2023,1128.51,1116.66,1129.33,1115.17,167.22K,1.13%
12/27/2023,1115.94,1116.48,1120.56,1115.78,128.69K,0.04%
12/26/2023,1115.52,1112.4,1117.33,1111.11,151.80K,0.33%
12/25/2023,1111.86,1099.72,1113.73,1099.44,136.59K,1.31%
12/22/2023,1097.45,1097.23,1099.53,1093.19,138.26K,0.00%
12/21/2023,1097.43,1092.75,1097.82,1089.59,107.76K,0.04%
12/20/2023,1097.01,1092.29,1097.49,1088.63,117.06K,0.47%
12/19/2023,1091.87,1083.6,1091.87,1076.36,147.45K,0.66%
12/18/2023,1084.67,1098.77,1099.41,1082.8,150.82K,-1.16%
12/15/2023,1097.4,1104.94,1107.15,1097.4,180.85K,-0.64%
12/14/2023,1104.49,1111.12,1113.01,1102.67,155.39K,-0.21%
12/13/2023,1106.83,1123.34,1124.71,1105.71,190.65K,-1.28%
12/12/2023,1121.21,1119.26,1121.21,1114.98,141.87K,0.35%
12/11/2023,1117.34,1118.79,1120.07,1111.73,149.51K,0.22%
12/08/2023,1114.89,1111.28,1118.81,1109.67,209.97K,0.32%
12/07/2023,1111.35,1109.67,1115.24,1096.22,299.70K,0.19%
12/06/2023,1109.27,1101.65,1109.27,1100.14,157.26K,0.80%
12/05/2023,1100.42,1108.02,1109.48,1097.05,155.06K,-0.61%
12/04/2023,1107.16,1094.42,1111.9,1093.85,261.89K,1.54%
12/01/2023,1090.39,1088.07,1091.17,1077.33,123.45K,0.80%
11/30/2023,1081.7,1091.44,1097.22,1081.7,141.11K,-1.05%
11/29/2023,1093.16,1090.14,1097.42,1087.95,122.22K,0.43%
11/28/2023,1088.51,1078.86,1089.4,1068.24,132.91K,0.94%
11/27/2023,1078.42,1086.89,1088.03,1076.62,127.26K,-0.82%
11/24/2023,1087.34,1085.26,1087.34,1068.59,188.23K,0.43%
11/23/2023,1082.68,1111.93,1114.87,1082.68,170.08K,-2.44%
11/22/2023,1109.8,1109.31,1112.98,1098.21,152.39K,0.11%
11/21/2023,1108.6,1103.6,1113.69,1102.33,128.42K,0.52%
11/20/2023,1102.85,1091.66,1114.63,1085.74,172.46K,-0.06%
11/17/2023,1103.53,1135.52,1137.73,1096.44,260.94K,-2.57%
11/16/2023,1132.6,1128.57,1132.6,1123.29,140.29K,0.06%
11/15/2023,1131.9,1130.53,1144.88,1128.64,271.85K,1.13%
11/14/2023,1119.28,1112.37,1124.76,1109.79,222.67K,1.13%
11/13/2023,1106.72,1109.14,1114.41,1099.18,185.21K,-0.21%
11/10/2023,1109.05,1113.38,1123.66,1107.51,205.94K,-1.24%
11/09/2023,1122.95,1130.64,1137.05,1122.72,231.99K,-0.62%
11/08/2023,1129.95,1092.51,1129.95,1086.85,233.46K,3.41%
11/07/2023,1092.71,1100.4,1101.7,1091.38,133.87K,-0.98%
11/06/2023,1103.52,1094.14,1104.04,1093.62,169.81K,1.60%
11/03/2023,1086.19,1088.31,1095.71,1082.83,203.95K,-0.12%
11/02/2023,1087.5,1052.14,1087.5,1052.14,195.22K,3.41%
11/01/2023,1051.65,1038.9,1051.65,1034.04,166.56K,1.18%
10/31/2023,1039.38,1049.56,1053.05,1034.12,192.35K,-0.79%
10/30/2023,1047.63,1063.14,1066.38,1047.63,130.43K,-1.87%
10/27/2023,1067.57,1070.98,1074.01,1050.32,169.71K,0.25%
10/26/2023,1064.95,1092.56,1094.96,1056.32,311.84K,-4.34%
10/25/2023,1113.32,1117.92,1124.85,1113.28,105.62K,-0.34%
10/24/2023,1117.12,1109.18,1121.39,1102.05,111.13K,0.93%
10/23/2023,1106.85,1122.73,1123.28,1099.34,131.29K,-1.50%
10/20/2023,1123.69,1104.83,1125.63,1094.78,154.96K,1.70%
10/19/2023,1104.89,1126.67,1126.86,1104.89,166.99K,-1.84%
10/18/2023,1125.56,1143.95,1144.89,1108.68,233.69K,-1.36%
10/17/2023,1141.03,1157.63,1160.3,1141.03,141.76K,-1.06%
10/16/2023,1153.21,1165.75,1168.02,1151.13,173.24K,-1.15%
10/13/2023,1166.66,1158.34,1167.61,1152.58,149.21K,0.10%
10/12/2023,1165.49,1167.62,1172.14,1162,142.88K,-0.15%
10/11/2023,1167.29,1161.87,1167.29,1154.45,113.75K,0.60%
10/10/2023,1160.28,1153.05,1163.47,1153.05,155.50K,0.86%
10/09/2023,1150.37,1139.07,1150.37,1135.67,146.63K,0.93%
10/06/2023,1139.78,1125.62,1141.93,1120.28,137.58K,1.36%
10/05/2023,1124.48,1141.22,1143.34,1124.48,131.35K,-1.23%
10/04/2023,1138.54,1129.15,1146.21,1118.74,159.11K,0.68%
10/03/2023,1130.89,1156.86,1158.38,1128.54,260.26K,-3.11%
10/02/2023,1167.13,1166.64,1173.06,1159.16,119.87K,0.07%
09/29/2023,1166.26,1169.26,1176.77,1165.15,144.90K,0.16%
09/28/2023,1164.45,1167.96,1168.09,1144.47,193.65K,-0.36%
09/27/2023,1168.6,1154.54,1168.6,1141.09,190.47K,1.32%
09/26/2023,1153.37,1161.62,1174.24,1152.44,242.76K,-0.57%
09/25/2023,1159.94,1195.36,1199.65,1159.94,263.86K,-3.15%
09/22/2023,1197.69,1210.14,1210.14,1180.11,362.18K,-1.76%
09/21/2023,1219.19,1234.14,1235.3,1217.78,254.10K,-1.25%
09/20/2023,1234.57,1224.64,1237.21,1221.64,192.77K,0.74%
09/19/2023,1225.5,1224.26,1229.61,1212.51,226.80K,0.15%
09/18/2023,1223.7,1235.2,1236.53,1214.74,210.41K,-1.22%
09/15/2023,1238.81,1235.25,1244.82,1231.77,273.16K,0.38%
09/14/2023,1234.06,1247.87,1255.75,1231.53,287.97K,-1.11%
09/13/2023,1247.95,1258.04,1260.37,1241.95,296.26K,-0.63%
09/12/2023,1255.83,1230.7,1255.83,1227.32,213.41K,2.04%
09/11/2023,1230.71,1251.38,1259.48,1227.4,328.07K,-1.48%
09/08/2023,1249.14,1252.1,1258.33,1247.95,228.78K,-0.48%
09/07/2023,1255.22,1261.35,1268.05,1251.89,274.25K,-0.38%
09/06/2023,1260.03,1246.83,1260.03,1238.44,250.66K,1.24%
09/05/2023,1244.64,1241.49,1248.97,1238.6,252.63K,0.82%
08/31/2023,1234.53,1225.93,1235.71,1225.93,195.05K,0.73%
08/30/2023,1225.56,1215.62,1227.68,1214.77,214.23K,0.83%
08/29/2023,1215.47,1215.97,1217.89,1207.72,206.96K,0.17%
08/28/2023,1213.4,1200.26,1213.61,1199.02,187.94K,1.63%
08/25/2023,1193.93,1201.73,1203.52,1190.54,186.68K,-0.66%
08/24/2023,1201.88,1184.28,1201.95,1180.46,189.18K,1.60%
08/23/2023,1182.97,1206.61,1207.84,1177.5,225.11K,-0.88%
08/22/2023,1193.51,1192.11,1195.97,1158.6,266.99K,0.27%
08/21/2023,1190.32,1190.69,1199.6,1178.54,259.17K,0.02%
08/18/2023,1190.1,1240.54,1243.69,1187.03,424.01K,-4.63%
08/17/2023,1247.82,1257.81,1259.5,1247.82,281.53K,-0.73%
08/16/2023,1256.95,1240.88,1257.57,1240.88,248.29K,1.27%
08/15/2023,1241.24,1244.31,1244.62,1236.55,185.98K,-0.18%
08/14/2023,1243.43,1245.06,1245.96,1234.12,228.14K,0.21%
08/11/2023,1240.77,1235.59,1240.77,1221.03,234.81K,1.19%
08/10/2023,1226.2,1241.59,1243.16,1225,204.53K,-1.10%
08/09/2023,1239.84,1246.12,1248.52,1235.87,249.11K,-0.64%
08/08/2023,1247.81,1252.05,1254.21,1243.84,232.46K,-0.23%
08/07/2023,1250.68,1230.38,1250.68,1230.38,284.03K,1.56%
08/04/2023,1231.42,1211.77,1231.42,1211.77,321.01K,1.70%
08/03/2023,1210.8,1219.88,1223.94,1207.43,264.56K,-0.86%
08/02/2023,1221.32,1220.7,1226.12,1216.67,218.57K,-0.07%
08/01/2023,1222.18,1239.52,1240.99,1222.18,328.43K,-0.70%
07/31/2023,1230.81,1224.47,1230.81,1217.02,294.90K,1.51%
07/28/2023,1212.45,1199.9,1212.45,1197.53,251.64K,1.06%
07/27/2023,1199.68,1201.11,1205.35,1192.35,263.45K,-0.15%
07/26/2023,1201.43,1198.04,1201.43,1195.31,247.53K,0.29%
07/25/2023,1198.01,1195.13,1202.39,1194.89,253.34K,0.41%
07/24/2023,1193.14,1191.3,1194.04,1182.45,265.15K,0.55%
07/21/2023,1186.6,1167.74,1186.6,1166.55,243.82K,1.57%
07/20/2023,1168.26,1164.69,1168.26,1159.64,218.94K,0.26%
07/19/2023,1165.19,1169.64,1171.07,1165.19,198.67K,-0.14%
07/18/2023,1166.82,1163.7,1167.81,1159.05,221.18K,0.19%
07/17/2023,1164.58,1164.52,1166.76,1160.47,238.54K,0.34%
07/14/2023,1160.59,1160.5,1162.16,1146.26,287.04K,0.39%
07/13/2023,1156.11,1152.58,1156.11,1148.71,187.66K,0.83%
07/12/2023,1146.54,1147.63,1150.88,1141.81,223.01K,-0.01%
07/11/2023,1146.67,1144.35,1152.16,1143.6,233.52K,0.31%
07/10/2023,1143.16,1134.97,1143.16,1132.73,247.57K,1.22%
07/07/2023,1129.43,1118.2,1129.43,1116.02,163.61K,0.89%
07/06/2023,1119.44,1129.74,1131.54,1115.91,224.55K,-0.91%
07/05/2023,1129.76,1131.15,1134.68,1128.19,212.15K,0.16%
07/04/2023,1128,1123.54,1128.35,1119.29,163.47K,0.41%
07/03/2023,1123.37,1127.12,1130.09,1120.63,140.25K,0.02%
06/30/2023,1123.13,1125.21,1127.28,1121.21,158.13K,-0.19%
06/29/2023,1125.29,1141.81,1142.72,1125.29,218.03K,-1.39%
06/28/2023,1141.12,1135.89,1143.53,1131.92,254.96K,0.59%
06/27/2023,1134.41,1134.28,1135.65,1128.2,174.32K,0.28%
06/26/2023,1131.23,1130.04,1134.11,1118.53,238.65K,0.40%
06/23/2023,1126.76,1119.02,1127.29,1117.41,231.87K,0.82%
06/22/2023,1117.6,1119.25,1122.6,1115.57,199.39K,0.50%
06/21/2023,1112.07,1104.24,1112.07,1101.27,185.86K,0.71%
06/20/2023,1104.27,1098.92,1104.27,1095.38,145.93K,0.49%
06/19/2023,1098.94,1110.01,1111.21,1098.31,193.10K,-0.91%
06/16/2023,1109.06,1108.59,1125.62,1105.74,320.74K,0.04%
06/15/2023,1108.57,1110.52,1113.23,1104.6,171.34K,-0.18%
06/14/2023,1110.6,1116.53,1123.86,1110.6,230.82K,-0.43%
06/13/2023,1115.39,1110.95,1115.39,1108.5,237.70K,0.52%
06/12/2023,1109.63,1104.08,1109.63,1092.3,180.99K,0.80%
06/09/2023,1100.85,1095.41,1100.85,1089.37,198.75K,0.77%
06/08/2023,1092.46,1107.86,1110.87,1092.46,279.41K,-1.20%
06/07/2023,1105.68,1104.3,1107.09,1100.11,266.66K,0.30%
06/06/2023,1102.32,1091.71,1102.32,1090.95,198.43K,1.03%
06/05/2023,1091.08,1097.53,1100.37,1090.52,215.25K,0.38%
06/02/2023,1086.96,1074.51,1089.22,1073.95,263.65K,1.77%
06/01/2023,1068.09,1065.27,1068.09,1060.29,162.84K,0.17%
05/31/2023,1066.33,1072.72,1074.3,1063.44,193.47K,-0.51%
05/30/2023,1071.82,1073.99,1074.46,1066.98,169.59K,0.19%
05/29/2023,1069.77,1063.62,1070.97,1062.79,133.47K,0.84%
05/26/2023,1060.81,1064.26,1064.95,1060.14,110.97K,-0.13%
05/25/2023,1062.15,1061.16,1064.24,1057.35,137.27K,0.06%
05/24/2023,1061.55,1072.23,1072.52,1060.83,155.56K,-0.61%
05/23/2023,1068.05,1074.26,1076.89,1063.85,171.21K,-0.53%
05/22/2023,1073.74,1070.37,1073.89,1068.55,141.53K,0.46%
05/19/2023,1068.84,1072.77,1072.77,1060.72,122.55K,-0.18%
05/18/2023,1070.76,1065.39,1076.86,1063.08,146.69K,0.82%
05/17/2023,1062.1,1069.54,1073.87,1062.1,153.74K,-0.70%
05/16/2023,1069.64,1072.98,1073.66,1066.92,126.57K,-0.12%
05/15/2023,1070.9,1067.26,1080.72,1067.26,195.78K,0.42%
05/12/2023,1066.44,1056.09,1066.44,1051.75,168.09K,1.09%
05/11/2023,1054.93,1058.02,1061.48,1053.62,129.13K,-0.01%
05/10/2023,1054.99,1051.62,1055.36,1048.6,124.30K,0.51%
05/09/2023,1049.67,1049.86,1054.49,1049.23,104.91K,0.00%
05/08/2023,1049.72,1041.07,1050.56,1041.04,147.57K,1.08%
05/05/2023,1038.46,1038.51,1042.11,1035.07,91.88K,-0.11%
05/04/2023,1039.64,1046.32,1047.93,1038.23,126.65K,-1.12%
04/28/2023,1051.43,1045.38,1051.43,1044.56,140.09K,0.95%
04/27/2023,1041.54,1045.78,1048.26,1040.32,105.51K,-0.35%
04/26/2023,1045.24,1036.3,1045.24,1029.94,125.18K,0.79%
04/25/2023,1037.04,1046.6,1051.54,1036.93,121.26K,-0.87%
04/24/2023,1046.17,1049.24,1054,1041.46,104.50K,0.00%
04/21/2023,1046.18,1054.75,1055.48,1045.78,147.51K,-0.71%
04/20/2023,1053.61,1056.74,1057.82,1050.35,83.44K,-0.24%
04/19/2023,1056.14,1067.67,1067.74,1055.77,140.53K,-0.79%
04/18/2023,1064.55,1067.02,1068.54,1060.75,122.13K,-0.04%
04/17/2023,1065.02,1063.18,1065.4,1058.55,96.96K,0.15%
04/14/2023,1063.43,1078.36,1079.87,1063.43,173.43K,-1.05%
04/13/2023,1074.67,1081.78,1082.21,1072.11,156.89K,-0.56%
04/12/2023,1080.69,1083.06,1084.26,1077.86,196.54K,-0.09%
04/11/2023,1081.71,1075.76,1082.89,1067.28,179.52K,0.40%
04/10/2023,1077.41,1082.62,1087.6,1074.59,192.68K,-0.14%
04/07/2023,1078.88,1079,1080.9,1071.6,139.16K,0.00%
04/06/2023,1078.86,1091.15,1093.99,1078.86,233.21K,-1.01%
04/05/2023,1089.83,1088.33,1089.83,1082.73,193.49K,0.14%
04/04/2023,1088.34,1090.07,1091.13,1084.04,181.86K,-0.03%
04/03/2023,1088.72,1080.9,1088.83,1080.9,231.13K,1.40%
03/31/2023,1073.68,1067.72,1078.15,1067.72,187.27K,0.60%
03/30/2023,1067.24,1067.25,1073.93,1065.52,182.23K,0.55%
03/29/2023,1061.45,1059.87,1061.45,1053.12,136.52K,0.25%
03/28/2023,1058.82,1060.85,1064.68,1055.81,188.77K,0.22%
03/27/2023,1056.45,1052.68,1059.65,1046.8,163.10K,0.48%
03/24/2023,1051.42,1049.05,1056.67,1047.46,157.94K,0.46%
03/23/2023,1046.6,1038.93,1046.6,1033.23,112.09K,0.33%
03/22/2023,1043.14,1035.49,1046.48,1035.04,138.72K,0.78%
03/21/2023,1035.04,1031.34,1036.18,1016.77,138.38K,1.03%
03/20/2023,1024.5,1041.86,1042.07,1021.67,145.47K,-2.22%
03/17/2023,1047.71,1053.48,1055.2,1043.28,181.68K,0.07%
03/16/2023,1046.99,1056.81,1059.61,1039.89,149.06K,-1.63%
03/15/2023,1064.38,1040.63,1064.65,1040.63,188.59K,2.61%
03/14/2023,1037.35,1047.47,1049.35,1032.51,168.37K,-1.21%
03/13/2023,1050.07,1042.6,1053.64,1041.25,194.88K,0.27%
03/10/2023,1047.2,1044.51,1049.45,1039.59,128.92K,-0.29%
03/09/2023,1050.28,1042.11,1056.56,1041.49,184.27K,0.93%
03/08/2023,1040.59,1017.35,1040.59,1017.35,141.32K,1.31%
03/07/2023,1027.16,1025.78,1037.97,1024.02,144.46K,1.27%
03/06/2023,1014.26,1022.57,1034.56,1014.26,116.86K,0.09%
03/03/2023,1013.35,1029.59,1033.71,1011.61,87.58K,-1.50%
03/02/2023,1028.73,1032.84,1037.73,1025.13,89.26K,-0.55%
03/01/2023,1034.43,1013.83,1034.43,1001.05,116.92K,1.92%
02/28/2023,1014.96,1018.66,1026.65,1009.18,89.49K,0.35%
02/27/2023,1011.46,1028.67,1028.67,1006.32,135.20K,-1.84%
02/24/2023,1030.42,1048.22,1048.27,1027.16,95.83K,-1.95%
02/23/2023,1050.95,1050.07,1050.95,1026.92,171.91K,-0.01%
02/22/2023,1051.08,1078.98,1078.98,1051.08,185.39K,-2.76%
02/21/2023,1080.9,1089.77,1096.35,1080.12,162.73K,-0.59%
02/20/2023,1087.36,1052.38,1087.36,1052.36,190.18K,3.19%
02/17/2023,1053.72,1055.29,1057.59,1047.13,121.13K,-0.15%
02/16/2023,1055.26,1047.66,1055.26,1040.01,122.23K,1.14%
02/15/2023,1043.34,1032.58,1048.85,1028.11,180.54K,0.81%
02/14/2023,1034.93,1040.85,1042.96,1030.51,110.77K,-0.53%
02/13/2023,1040.4,1044.49,1045.6,1024.98,156.78K,-0.80%
02/10/2023,1048.74,1060.91,1064.53,1048.13,112.86K,-1.05%
02/09/2023,1059.91,1070.32,1076.48,1059.91,137.75K,-1.25%
02/08/2023,1073.38,1072.08,1082.89,1064.93,154.79K,0.36%
02/07/2023,1069.5,1094.51,1096.93,1068.71,192.82K,-2.27%
02/06/2023,1094.37,1078.72,1094.45,1073.44,144.68K,0.80%
02/03/2023,1085.7,1094.14,1095.87,1081.05,184.37K,-0.71%
02/02/2023,1093.48,1093.55,1099.39,1082.97,164.04K,0.50%
02/01/2023,1088.09,1128.13,1130.2,1088.09,285.54K,-3.29%
01/31/2023,1125.07,1112.6,1125.07,1098.65,197.90K,1.00%
01/30/2023,1113.95,1132.45,1132.97,1113.95,199.04K,-1.48%
01/27/2023,1130.65,1128.45,1142.08,1125.12,166.00K,0.78%
01/19/2023,1121.92,1110.5,1126.12,1108.96,198.68K,0.56%
01/18/2023,1115.72,1106.89,1117.23,1104.98,152.88K,1.09%
01/17/2023,1103.73,1077.48,1103.73,1077.48,207.94K,2.60%
01/16/2023,1075.71,1072.44,1076.97,1066.78,126.80K,0.55%
01/13/2023,1069.86,1071.91,1077.45,1063.68,149.05K,0.34%
01/12/2023,1066.24,1068.47,1072.81,1059.52,113.84K,0.10%
01/11/2023,1065.22,1065.69,1076.22,1063.96,161.51K,0.44%
01/10/2023,1060.53,1062.22,1066.08,1052.09,126.76K,-0.06%
01/09/2023,1061.14,1065.24,1068.77,1056.64,126.31K,0.35%
01/06/2023,1057.4,1060.14,1075.33,1053.29,192.69K,-0.42%
01/05/2023,1061.9,1052.32,1065.99,1051.6,164.27K,1.12%
01/04/2023,1050.15,1051.66,1059.01,1046.61,172.22K,0.28%
01/03/2023,1047.25,1010.52,1047.25,1010.03,159.60K,4.18%
12/30/2022,1005.19,1016.71,1017.45,1005.19,95.62K,-0.31%
12/29/2022,1008.3,1013.95,1022.15,1008.3,121.03K,-0.56%
12/28/2022,1013.95,1009.19,1023.24,997.12,123.26K,0.65%
12/27/2022,1007.36,988.87,1015.01,985.67,153.66K,1.98%
12/26/2022,987.77,1032.42,1033.17,987.77,175.23K,-4.48%
12/23/2022,1034.13,1037.91,1041.37,1022.51,129.85K,-0.41%
12/22/2022,1038.34,1033.72,1048.84,1031.29,188.50K,0.51%
12/21/2022,1033.1,1041.05,1041.65,1011.9,212.81K,0.32%
12/20/2022,1029.79,1048.17,1049.39,1015.66,283.48K,-1.95%
12/19/2022,1050.22,1063.72,1081.55,1050.22,258.39K,-1.30%
12/16/2022,1064.07,1061.58,1077.27,1058.88,249.61K,-0.38%
12/15/2022,1068.08,1055.8,1076.03,1055.49,248.62K,1.13%
12/14/2022,1056.17,1056.76,1071.02,1052.25,192.53K,-0.02%
12/13/2022,1056.43,1038.63,1056.43,1028.37,241.92K,1.83%
12/12/2022,1037.42,1071.27,1073.44,1037.42,219.92K,-2.60%
12/09/2022,1065.08,1069.38,1076.67,1051.62,236.86K,0.22%
12/08/2022,1062.73,1061.99,1093.64,1055.63,304.56K,1.45%
12/07/2022,1047.58,1051.55,1064.73,1037.15,242.09K,-0.61%
12/06/2022,1054.06,1109.5,1109.5,1054.06,405.65K,-5.12%
12/05/2022,1110.94,1094.39,1120.56,1094.39,375.07K,1.64%
12/02/2022,1092.99,1038.11,1092.99,1037.08,331.17K,4.83%
12/01/2022,1042.64,1059.8,1073.32,1040.95,434.44K,-0.63%
11/30/2022,1049.21,1034.78,1049.21,1018.59,264.70K,1.96%
11/29/2022,1029.04,1007.58,1029.04,995.12,366.39K,2.46%
11/28/2022,1004.34,974.42,1006.06,974.23,398.08K,3.81%
11/25/2022,967.49,948.66,967.49,947.56,170.89K,2.84%
11/24/2022,940.76,932.69,941.69,925.55,136.32K,0.22%
11/23/2022,938.73,939.08,951.86,933.26,154.60K,-0.72%
11/22/2022,945.54,956.31,985.18,941.85,368.68K,-1.19%
11/21/2022,956.89,970.64,972.15,951.62,132.09K,-1.47%
11/18/2022,971.2,967.82,977.19,941.18,264.09K,0.02%
11/17/2022,971.04,941.77,975.42,941.77,184.69K,3.27%
11/16/2022,940.29,878.24,942.56,863.31,249.95K,3.93%
11/15/2022,904.77,923.2,927.37,893.49,218.10K,-3.37%
11/14/2022,936.31,945.97,945.97,913.5,211.97K,-1.32%
11/11/2022,948.86,946.68,963.55,941.84,213.49K,1.29%
11/10/2022,936.8,969.79,969.79,925.02,252.59K,-4.38%
11/09/2022,979.68,980.92,993.28,969.19,166.48K,-0.04%
11/08/2022,980.09,957.88,981.51,950.81,185.77K,0.74%
11/07/2022,972.85,992.4,999.43,968.84,179.10K,-2.51%
11/04/2022,997.92,1006.52,1009,971.72,256.47K,-2.53%
11/03/2022,1023.8,1012.9,1029.53,1010.57,120.45K,-0.13%
11/02/2022,1025.18,1037.47,1039.42,1020.48,167.91K,-1.24%
11/01/2022,1038.09,1028.23,1049.77,1028.23,243.89K,1.10%
10/31/2022,1026.84,1027.57,1031.66,999.47,188.84K,-0.26%
10/28/2022,1029.49,1036.94,1046.04,1024.74,147.69K,0.10%
10/27/2022,1028.5,992.95,1028.5,986.54,159.81K,3.85%
10/26/2022,990.41,995.73,999.59,979.4,77.22K,-0.11%
10/25/2022,991.52,971.29,1006.69,950.19,183.29K,1.81%
10/24/2022,973.88,1011.54,1013.24,961.79,170.99K,-3.63%
10/21/2022,1010.57,1055.34,1055.34,1002.09,193.76K,-4.05%
10/20/2022,1053.26,1049.96,1060.79,1041.08,113.71K,-0.04%
10/19/2022,1053.65,1061.12,1062.27,1044.69,102.62K,-0.51%
10/18/2022,1059.06,1061.06,1068.9,1051.85,120.84K,1.13%
10/17/2022,1047.2,1051.23,1051.42,1028.34,117.60K,-1.34%
10/14/2022,1061.39,1068.63,1070.3,1054.82,148.45K,0.97%
10/13/2022,1051.24,1034.2,1051.24,1020.97,127.13K,1.58%
10/12/2022,1034.93,1004.53,1039.33,999,150.97K,3.32%
10/11/2022,1001.68,1031.12,1031.12,987.27,200.93K,-3.59%
10/10/2022,1038.93,1025.48,1052.24,1011.44,178.31K,-0.06%
10/07/2022,1039.54,1064.72,1067.03,1027.64,261.71K,-3.87%
10/06/2022,1081.36,1117.7,1119.76,1079.75,141.26K,-3.22%
10/05/2022,1117.38,1114.6,1128.94,1112.26,114.40K,1.79%
10/04/2022,1097.72,1113.8,1117.87,1088.41,147.87K,-0.39%
10/03/2022,1102,1141.87,1144.95,1094.49,159.89K,-4.34%
09/30/2022,1152.01,1140.18,1158.2,1128.57,154.78K,0.40%
09/29/2022,1147.44,1166.59,1177.21,1147.44,88.05K,-1.14%
09/28/2022,1160.66,1173.82,1177.58,1160.66,92.27K,-1.84%
09/27/2022,1182.46,1190.46,1193.79,1181.43,85.34K,-0.40%
09/26/2022,1187.22,1199.39,1201.89,1172.37,175.24K,-2.32%
09/23/2022,1215.41,1227.34,1230.72,1213.74,88.49K,-1.10%
09/22/2022,1228.94,1217.63,1229.26,1210.65,98.66K,0.06%
09/21/2022,1228.2,1235.84,1236.05,1223.02,76.49K,-1.04%
09/20/2022,1241.07,1235.93,1241.07,1224.96,94.43K,0.91%
09/19/2022,1229.88,1251.43,1253.45,1225.18,152.50K,-1.83%
09/16/2022,1252.78,1259.9,1263.97,1248.13,155.33K,-0.80%
09/15/2022,1262.82,1267.24,1269.54,1260.51,101.06K,0.15%
09/14/2022,1260.88,1254.44,1262.8,1250.98,142.29K,-0.91%
09/13/2022,1272.48,1277.48,1279.55,1271.22,94.07K,-0.24%
09/12/2022,1275.6,1281.62,1285.17,1275.45,100.04K,0.00%
09/09/2022,1275.64,1273.37,1275.64,1259.35,161.75K,0.80%
09/08/2022,1265.57,1277.63,1279.34,1265.57,124.24K,-0.27%
09/07/2022,1268.95,1297.31,1298.17,1268.95,187.24K,-2.32%
09/06/2022,1299.06,1298.74,1305.9,1296.58,121.91K,0.07%
09/05/2022,1298.15,1300.5,1305.62,1294.44,110.01K,-0.25%
08/31/2022,1301.44,1295.71,1306.45,1294.34,103.56K,0.25%
08/30/2022,1298.14,1293.41,1307.12,1293.41,112.86K,0.38%
08/29/2022,1293.25,1296.03,1296.03,1275.4,174.33K,-1.04%
08/26/2022,1306.81,1314.73,1320.16,1304.68,152.92K,-0.36%
08/25/2022,1311.55,1299.26,1311.55,1299.26,127.47K,1.17%
08/24/2022,1296.41,1295.07,1300.4,1291.96,113.65K,0.34%
08/23/2022,1292,1276.09,1292,1275.57,130.49K,0.51%
08/22/2022,1285.45,1294.78,1295.69,1281.96,128.87K,-0.73%
08/19/2022,1294.93,1297.97,1303.73,1289.57,154.23K,-0.38%
08/18/2022,1299.93,1299.09,1311.73,1295.54,162.05K,-0.04%
08/17/2022,1300.4,1297.25,1304.49,1296.58,146.61K,0.41%
08/16/2022,1295.1,1293.72,1297.38,1290.52,155.26K,0.10%
08/15/2022,1293.79,1287.13,1294.11,1285.02,149.05K,1.00%
08/12/2022,1280.96,1271.39,1280.96,1267.14,113.93K,0.68%
08/11/2022,1272.33,1282.09,1289.29,1267.04,175.28K,-0.38%
08/10/2022,1277.15,1279.58,1283.06,1276.07,117.05K,-0.33%
08/09/2022,1281.44,1281.38,1285.52,1275.12,161.80K,0.37%
08/08/2022,1276.7,1270.27,1280.13,1270.13,141.95K,0.36%
08/05/2022,1272.06,1274.48,1276.19,1265.93,172.67K,-0.44%
08/04/2022,1277.73,1273.71,1281.46,1270.66,164.09K,0.62%
08/03/2022,1269.83,1259.26,1271.39,1256.39,184.35K,0.30%
08/02/2022,1265.97,1256.32,1266.14,1248.97,172.18K,0.77%
08/01/2022,1256.25,1233.85,1256.25,1233.64,175.84K,1.97%
07/29/2022,1232,1243.17,1243.17,1232,142.29K,-0.33%
07/28/2022,1236.14,1228.73,1240.65,1226.95,180.06K,1.37%
07/27/2022,1219.43,1218.13,1219.43,1211.42,95.58K,0.08%
07/26/2022,1218.49,1221.43,1227.1,1218.11,93.44K,-0.34%
07/25/2022,1222.6,1228.11,1231.84,1219.61,94.34K,-0.51%
07/22/2022,1228.84,1238.46,1241.65,1228.84,106.14K,-0.52%
07/21/2022,1235.25,1227.31,1240.91,1226.88,127.72K,0.79%
07/20/2022,1225.62,1220.25,1229.62,1217.45,123.38K,1.15%
07/19/2022,1211.7,1213.55,1213.64,1204.61,100.59K,-0.21%
07/18/2022,1214.28,1225.4,1225.69,1213.28,104.04K,-0.48%
07/15/2022,1220.14,1224.15,1228.48,1217.21,147.67K,-0.15%
07/14/2022,1221.94,1213.73,1224.01,1211.14,106.76K,0.41%
07/13/2022,1216.94,1216.83,1225.85,1213.41,117.18K,-0.21%
07/12/2022,1219.44,1208.06,1219.44,1204.84,88.68K,0.86%
07/11/2022,1209.02,1224.2,1224.2,1200.15,131.00K,-1.83%
07/08/2022,1231.54,1235.65,1236.85,1225.04,115.99K,0.19%
07/07/2022,1229.23,1212.36,1229.23,1209.97,98.64K,1.43%
07/06/2022,1211.94,1241.19,1241.19,1211.94,131.18K,-2.42%
07/05/2022,1242.05,1252.48,1256.47,1239.8,162.03K,-0.51%
07/04/2022,1248.37,1256.2,1260.72,1244.5,112.84K,-0.31%
07/01/2022,1252.24,1247.7,1255.67,1225.64,118.89K,0.27%
06/30/2022,1248.92,1273.99,1276.23,1248.92,118.01K,-1.92%
06/29/2022,1273.4,1259.83,1274.73,1259.41,113.30K,0.00%
06/28/2022,1273.41,1254.35,1276.21,1249.57,151.57K,1.33%
06/27/2022,1256.67,1238.23,1256.67,1237.79,110.60K,1.72%
06/24/2022,1235.47,1239.54,1246.22,1234.72,90.44K,-0.41%
06/23/2022,1240.58,1227.18,1240.58,1219.08,105.24K,1.09%
06/22/2022,1227.18,1233.28,1242.06,1222.86,142.70K,0.22%
06/21/2022,1224.54,1220.76,1240.8,1212.69,172.80K,-0.08%
06/20/2022,1225.56,1258.3,1262.83,1223.03,168.77K,-2.58%
06/17/2022,1258.03,1254.05,1259.39,1229.74,187.30K,-1.74%
06/16/2022,1280.37,1266.87,1292.02,1263.56,156.46K,2.18%
06/15/2022,1253.09,1263.96,1268.33,1231.12,167.43K,-0.64%
06/14/2022,1261.16,1247.39,1271.28,1245.26,145.64K,0.02%
06/13/2022,1260.85,1295.26,1300.45,1260.85,199.02K,-4.89%
06/10/2022,1325.69,1332.93,1344.85,1325.69,136.59K,-1.28%
06/09/2022,1342.92,1344.56,1346.13,1335.28,126.60K,0.07%
06/08/2022,1342.03,1328.95,1348.4,1325.65,163.07K,1.33%
06/07/2022,1324.37,1323.19,1324.37,1297.98,153.98K,-0.20%
06/06/2022,1327.04,1328.73,1336.96,1320.97,132.83K,-0.03%
06/03/2022,1327.4,1325.49,1329.9,1313.4,100.18K,0.14%
06/02/2022,1325.49,1339.12,1342.47,1319.85,133.90K,-0.75%
06/01/2022,1335.49,1329.02,1341.47,1323.07,127.58K,0.22%
05/31/2022,1332.59,1342.08,1342.08,1324.46,127.92K,-0.77%
05/30/2022,1342.87,1337.39,1342.87,1329.38,121.53K,0.54%
05/27/2022,1335.68,1311.78,1336.99,1310.64,139.41K,2.00%
05/26/2022,1309.5,1312.56,1319.21,1304.59,127.93K,-0.09%
05/25/2022,1310.7,1277.54,1311.32,1273.29,172.70K,2.98%
05/24/2022,1272.71,1255.77,1272.71,1242.36,146.37K,1.38%
05/23/2022,1255.35,1287.49,1287.65,1245.41,139.33K,-2.12%
05/20/2022,1282.51,1284.89,1296,1273.4,110.10K,-0.08%
05/19/2022,1283.55,1259.59,1291.49,1255.63,130.08K,-0.22%
05/18/2022,1286.41,1289.5,1298.69,1268.13,159.94K,0.54%
05/17/2022,1279.55,1211.88,1279.55,1203.51,161.82K,5.31%
05/16/2022,1215.08,1254.88,1258.25,1214.29,172.77K,-0.71%
05/13/2022,1223.76,1281.28,1284.94,1219.52,237.56K,-4.38%
05/12/2022,1279.76,1337.01,1339.25,1279.48,163.22K,-5.19%
05/11/2022,1349.82,1344.14,1355.11,1324.2,94.77K,0.32%
05/10/2022,1345.46,1312.1,1345.46,1285.67,157.23K,2.39%
05/09/2022,1314.04,1358.56,1360.64,1308.34,200.88K,-4.31%
05/06/2022,1373.21,1399.54,1399.54,1371,129.91K,-2.25%
05/05/2022,1404.88,1402.6,1405.43,1373.42,122.13K,1.10%
05/04/2022,1389.59,1415.43,1415.45,1389.59,114.19K,-1.96%
04/29/2022,1417.31,1400.88,1417.31,1394.17,128.04K,1.17%
04/28/2022,1400.88,1400.6,1407.82,1392.24,91.68K,-0.08%
04/27/2022,1402.03,1394.85,1407.7,1362.87,108.12K,0.37%
04/26/2022,1396.9,1347.83,1397.43,1318.5,181.78K,2.23%
04/25/2022,1366.39,1444.79,1445.62,1356.36,202.43K,-5.40%
04/22/2022,1444.32,1439.32,1455.15,1419.05,150.76K,1.22%
04/21/2022,1426.87,1434.77,1452.41,1422.7,172.36K,-0.60%
04/20/2022,1435.5,1440.9,1453.81,1434.87,150.22K,-0.35%
04/19/2022,1440.61,1471.63,1478.5,1440.61,156.62K,-1.88%
04/18/2022,1468.25,1493.17,1493.24,1466.73,194.44K,-1.71%
04/15/2022,1493.74,1514.89,1518.85,1491.26,181.77K,-1.60%
04/14/2022,1518.01,1526.49,1534.28,1517.07,119.61K,-0.48%
04/13/2022,1525.39,1512.37,1526.44,1506.45,143.87K,1.21%
04/12/2022,1507.2,1530.3,1532.03,1506.41,152.48K,-1.12%
04/08/2022,1524.31,1541.78,1547.6,1524.31,156.34K,-1.14%
04/07/2022,1541.96,1561.14,1566.09,1541.96,198.97K,-0.97%
04/06/2022,1557.11,1534.23,1558.41,1529.23,203.57K,1.16%
04/05/2022,1539.2,1544.34,1549.77,1539.2,125.17K,-0.57%
04/04/2022,1548.04,1558.21,1558.98,1546.46,160.18K,0.36%
04/01/2022,1542.47,1509.01,1542.47,1506.11,195.61K,2.25%
03/31/2022,1508.53,1502.38,1512.47,1500.67,121.69K,0.55%
03/30/2022,1500.23,1497.98,1513.91,1496.59,163.90K,-0.02%
03/29/2022,1500.57,1484.95,1501.05,1484.95,110.33K,1.11%
03/28/2022,1484.16,1493.12,1497.06,1477.72,177.24K,-0.95%
03/25/2022,1498.36,1499.34,1503.18,1494.28,109.44K,0.06%
03/24/2022,1497.44,1506.49,1506.79,1496.96,115.64K,-0.54%
03/23/2022,1505.59,1514.61,1519.58,1505.59,132.33K,-0.52%
03/22/2022,1513.4,1507.38,1516.7,1506.1,155.23K,0.71%
03/21/2022,1502.67,1480.29,1502.67,1480.29,124.70K,1.74%
03/18/2022,1476.94,1474.02,1482.96,1474.02,148.42K,0.48%
03/17/2022,1469.92,1480.32,1480.86,1469.92,109.38K,-0.19%
03/16/2022,1472.69,1475.17,1478.42,1467.95,106.84K,0.26%
03/15/2022,1468.89,1461.4,1469.52,1455.16,136.42K,0.53%
03/14/2022,1461.1,1471.44,1473.98,1454.34,177.21K,-1.09%
03/11/2022,1477.14,1487.92,1490.83,1469.22,178.19K,-0.88%
03/10/2022,1490.24,1491.9,1505.5,1490.24,148.75K,0.07%
03/09/2022,1489.25,1493.96,1497.75,1485.15,190.16K,-0.06%
03/08/2022,1490.17,1500.07,1506.65,1486.68,222.31K,-1.26%
03/07/2022,1509.12,1514.76,1518.32,1505.79,222.54K,-1.06%
03/04/2022,1525.34,1525.23,1529.93,1519.97,220.07K,0.19%
03/03/2022,1522.49,1507.53,1522.49,1502.41,244.08K,1.59%
03/02/2022,1498.61,1516.31,1517.49,1495.16,291.45K,-1.42%
03/01/2022,1520.12,1521.44,1525,1515.49,187.03K,0.19%
02/28/2022,1517.18,1525.58,1533.32,1512.45,193.57K,-0.61%
02/25/2022,1526.5,1531.97,1540.13,1526.5,198.11K,0.29%
02/24/2022,1522.04,1537.5,1540.13,1503.22,275.31K,-1.09%
02/23/2022,1538.83,1536.6,1547.19,1534.19,158.14K,0.42%
02/22/2022,1532.36,1532.07,1532.36,1510.07,223.63K,-0.07%
02/21/2022,1533.4,1530.65,1537.56,1522.48,163.18K,0.13%
02/18/2022,1531.47,1525.21,1533.53,1523.88,155.11K,-0.59%
02/17/2022,1540.51,1521.37,1540.51,1521.37,146.57K,1.25%
02/16/2022,1521.47,1534.39,1534.5,1517.52,122.06K,-0.39%
02/15/2022,1527.36,1508.25,1530.04,1506.69,180.95K,1.48%
02/14/2022,1505.07,1530.5,1536.77,1505.07,254.06K,-2.64%
02/11/2022,1545.92,1544.76,1549.37,1540.5,167.68K,-0.20%
02/10/2022,1548.95,1554.98,1557.89,1536.02,225.00K,-0.22%
02/09/2022,1552.44,1554.59,1570.32,1552.44,230.55K,0.13%
02/08/2022,1550.46,1539.49,1555.01,1537.16,218.96K,0.60%
02/07/2022,1541.25,1548.38,1555.01,1541.25,182.87K,0.59%
01/28/2022,1532.24,1516.4,1535.57,1515.85,194.57K,1.03%
01/27/2022,1516.57,1520.82,1528.81,1507.26,158.58K,-0.57%
01/26/2022,1525.31,1519.9,1533.61,1516.96,236.86K,0.60%
01/25/2022,1516.16,1471.56,1516.16,1466.07,191.55K,3.05%
01/24/2022,1471.31,1496.36,1499.22,1465.76,243.48K,-2.05%
01/21/2022,1502.16,1497.61,1508.65,1492.21,218.98K,0.63%
01/20/2022,1492.81,1479.81,1499.47,1474.67,163.72K,0.69%
01/19/2022,1482.55,1479.74,1491,1475.06,142.26K,0.37%
01/18/2022,1477.06,1473.04,1489.13,1464.41,214.02K,-0.10%
01/17/2022,1478.61,1523.17,1529.28,1478.61,290.14K,-2.95%
01/14/2022,1523.57,1523.96,1530.2,1513.17,135.95K,-0.19%
01/13/2022,1526.43,1533.38,1548.49,1524.66,308.82K,-0.24%
01/12/2022,1530.04,1498.63,1530.04,1484.93,282.09K,2.02%
01/11/2022,1499.74,1516.74,1519.84,1497.78,187.02K,-0.99%
01/10/2022,1514.7,1531.13,1537.71,1514.7,200.03K,-1.14%
01/07/2022,1532.24,1548.77,1550.47,1532.24,200.63K,-0.82%
01/06/2022,1544.95,1542.34,1554.97,1541.19,231.96K,-0.07%
01/05/2022,1546.01,1559.33,1562.93,1546.01,222.22K,-0.82%
01/04/2022,1558.87,1536.45,1562.54,1536.45,207.49K,1.51%
12/31/2021,1535.71,1523.58,1537.32,1523.41,183.41K,1.06%
12/30/2021,1519.62,1515.75,1526.2,1515.75,145.70K,0.24%
12/29/2021,1515.94,1525.82,1528.9,1515.94,154.78K,-0.50%
12/28/2021,1523.54,1518.56,1523.54,1509.58,189.42K,0.59%
12/27/2021,1514.55,1515.24,1517.45,1500.31,134.57K,0.52%
12/24/2021,1506.67,1484.51,1507.48,1481.37,197.96K,1.98%
12/23/2021,1477.37,1504.61,1506.43,1470.94,241.49K,-1.78%
12/22/2021,1504.12,1514.98,1519.74,1498.96,220.18K,-0.49%
12/21/2021,1511.48,1512.01,1517.69,1507.89,175.78K,-0.14%
12/20/2021,1513.6,1519.69,1521.62,1509.54,180.13K,0.00%
12/17/2021,1513.56,1513.36,1520.97,1511.19,220.35K,0.22%
12/16/2021,1510.17,1526.63,1526.75,1501.41,187.58K,-0.61%
12/15/2021,1519.42,1516.91,1525.14,1512.05,150.69K,0.20%
12/14/2021,1516.44,1518.39,1529.93,1513.14,170.67K,-0.29%
12/13/2021,1520.8,1523.74,1526.53,1517.98,166.21K,0.09%
12/10/2021,1519.46,1528.17,1533.23,1517.59,172.57K,-0.66%
12/09/2021,1529.61,1509.4,1529.61,1509.4,141.32K,0.89%
12/08/2021,1516.16,1515.59,1523.95,1508.69,176.05K,0.23%
12/07/2021,1512.62,1493.07,1512.62,1488.13,167.56K,2.14%
12/06/2021,1480.92,1507.45,1515.47,1464.91,264.31K,-1.53%
12/03/2021,1503.98,1550.81,1551.97,1503.98,237.84K,-2.39%
12/02/2021,1540.88,1553.21,1555.49,1540.88,155.69K,-0.58%
12/01/2021,1549.81,1536.67,1549.81,1531.2,183.02K,0.79%
11/30/2021,1537.59,1567.44,1568.09,1531.82,254.25K,-0.99%
11/29/2021,1553.04,1541.22,1558.86,1541.22,270.84K,-0.86%
11/26/2021,1566.55,1576.52,1587,1564.39,286.51K,-0.38%
11/25/2021,1572.46,1573.29,1579.56,1567.67,255.69K,0.46%
11/24/2021,1565.29,1534.87,1567.77,1530.61,371.79K,2.10%
11/23/2021,1533.12,1518.39,1533.12,1513.23,173.03K,1.06%
11/22/2021,1517.04,1503.19,1530.43,1502.25,274.79K,1.13%
11/19/2021,1500.05,1507.45,1521.63,1486.59,322.63K,-0.22%
11/18/2021,1503.42,1522.39,1523.19,1503.42,256.83K,-1.06%
11/17/2021,1519.58,1517.67,1522.5,1513.65,165.54K,0.16%
11/16/2021,1517.22,1527.11,1530.32,1513.5,214.95K,-0.75%
11/15/2021,1528.68,1534.16,1534.44,1521.94,232.16K,0.05%
11/12/2021,1527.94,1514.96,1529.47,1504.52,152.56K,0.90%
11/11/2021,1514.36,1524.73,1526.72,1503.77,258.43K,-0.62%
11/10/2021,1523.79,1530.69,1531.7,1518.89,204.46K,-0.22%
11/09/2021,1527.13,1539.25,1542.75,1524.36,210.51K,-0.56%
11/08/2021,1535.66,1535.12,1541.83,1528.71,219.02K,0.25%
11/05/2021,1531.76,1531.06,1536.47,1523.16,156.55K,0.23%
11/04/2021,1528.21,1531.92,1535.9,1524.54,173.10K,-0.16%
11/03/2021,1530.65,1526.38,1537.59,1519.39,324.56K,0.61%
11/02/2021,1521.35,1514.91,1522.9,1514.75,186.41K,0.30%
11/01/2021,1516.75,1534.17,1534.88,1513.98,252.42K,-1.02%
10/29/2021,1532.35,1529.42,1534.51,1521.04,197.58K,0.20%
10/28/2021,1529.26,1522.11,1530.77,1513.12,190.78K,0.84%
10/27/2021,1516.46,1487.45,1516.46,1485.12,201.35K,2.28%
10/26/2021,1482.62,1474.36,1483.65,1467.02,143.69K,0.38%
10/25/2021,1476.97,1492.35,1492.35,1476.97,202.65K,-0.79%
10/22/2021,1488.71,1495.32,1498.25,1486.57,127.28K,-0.04%
10/21/2021,1489.26,1509.05,1510.2,1489.26,166.37K,-1.05%
10/20/2021,1505.03,1510.38,1516.74,1486.26,182.02K,-0.14%
10/19/2021,1507.19,1512.1,1513.83,1503.89,142.51K,-0.22%
10/18/2021,1510.49,1508.88,1517.7,1505.39,167.73K,0.38%
10/15/2021,1504.84,1508.37,1512.61,1499.7,151.73K,0.10%
10/14/2021,1503.38,1504.85,1511.14,1498.21,159.95K,-0.14%
10/13/2021,1505.55,1512.73,1519.11,1502.19,137.28K,-0.27%
10/12/2021,1509.57,1514.78,1517.21,1504.24,162.66K,-0.05%
10/11/2021,1510.27,1481.29,1511.21,1480.31,211.04K,2.28%
10/08/2021,1476.54,1466.78,1476.54,1463.07,137.77K,0.94%
10/07/2021,1462.74,1467.95,1470.64,1460.87,142.85K,0.07%
10/06/2021,1461.72,1461.98,1461.98,1453.78,157.61K,0.38%
10/05/2021,1456.21,1446.77,1456.37,1444.49,152.94K,0.87%
10/04/2021,1443.61,1442.87,1446.78,1433.05,220.20K,0.12%
10/01/2021,1441.83,1450.9,1453.24,1438.52,188.81K,-0.82%
09/30/2021,1453.76,1450.52,1461.94,1452.55,118.79K,0.22%
09/29/2021,1450.52,1450.73,1453.66,1440.55,169.81K,-0.04%
09/28/2021,1451.12,1433.7,1454.79,1430.89,141.16K,0.83%
09/27/2021,1439.2,1462.86,1464.5,1439.2,148.69K,-1.42%
09/24/2021,1459.94,1460.63,1464.12,1456.89,141.12K,0.12%
09/23/2021,1458.23,1456.46,1466,1453.02,138.29K,0.34%
09/22/2021,1453.22,1449.44,1454.19,1440.02,122.88K,0.48%
09/21/2021,1446.22,1444.75,1455.71,1433.77,167.22K,-0.85%
09/20/2021,1458.66,1468.11,1474.66,1454.95,180.84K,0.21%
09/17/2021,1455.59,1452.31,1459.94,1451.38,188.92K,0.46%
09/16/2021,1448.98,1452.89,1454.23,1442.77,134.63K,0.29%
09/15/2021,1444.85,1433.17,1447.64,1432.76,130.11K,0.47%
09/14/2021,1438.16,1444.24,1448.71,1436.98,148.17K,-0.47%
09/13/2021,1444.99,1450,1454.72,1444.71,162.87K,-0.23%
09/10/2021,1448.33,1451.78,1453.81,1447.44,139.15K,0.07%
09/09/2021,1447.28,1432.84,1449.16,1431.55,166.19K,0.95%
09/08/2021,1433.71,1447.43,1448.44,1431.38,152.21K,-0.72%
09/07/2021,1444.1,1446,1454.82,1441.69,205.27K,0.18%
09/06/2021,1441.54,1433.03,1441.92,1429.55,208.74K,1.02%
09/01/2021,1426.94,1425.35,1434.73,1423.08,176.64K,-0.12%
08/31/2021,1428.66,1435.52,1437.38,1425.71,152.48K,-0.17%
08/30/2021,1431.05,1427.48,1434.25,1420.77,154.14K,0.88%
08/27/2021,1418.57,1403.99,1418.57,1391.88,202.51K,0.43%
08/26/2021,1412.45,1432.37,1433.67,1408.08,152.19K,-1.12%
08/25/2021,1428.51,1420.74,1430.58,1411.07,153.26K,0.72%
08/24/2021,1418.26,1415.71,1423.46,1406.94,203.69K,0.44%
08/23/2021,1412,1443.67,1446.73,1412,250.64K,-2.65%
08/20/2021,1450.45,1495.67,1497.03,1436.24,348.77K,-3.63%
08/19/2021,1505.01,1489.74,1505.01,1479.6,206.50K,1.04%
08/18/2021,1489.54,1493.12,1500.17,1484.26,192.68K,-0.31%
08/17/2021,1494.12,1508.41,1512.27,1488.74,217.18K,-0.44%
08/16/2021,1500.77,1490.7,1504.03,1487.52,258.60K,1.11%
08/13/2021,1484.25,1477.72,1484.67,1463.48,207.22K,0.49%
08/12/2021,1477.06,1487.1,1493.69,1477.06,184.22K,-0.73%
08/11/2021,1487.91,1497.13,1506.8,1487.91,245.34K,-0.43%
08/10/2021,1494.41,1506.5,1508.92,1490,185.39K,-0.23%
08/09/2021,1497.83,1472.78,1499.9,1467.32,206.12K,1.42%
08/06/2021,1476.79,1488.11,1491.52,1476.79,211.70K,-0.65%
08/05/2021,1486.46,1469.13,1488.79,1465.1,193.62K,0.97%
08/04/2021,1472.2,1476.82,1480.28,1465.66,218.55K,0.16%
08/03/2021,1469.87,1449.97,1469.87,1449.33,225.71K,1.50%
08/02/2021,1448.21,1443.6,1457.89,1438.35,198.50K,0.07%
07/30/2021,1447.23,1430.48,1451.45,1428.85,224.34K,1.38%
07/29/2021,1427.55,1419.55,1427.55,1413.59,166.49K,1.42%
07/28/2021,1407.5,1406.25,1415.39,1402.6,120.70K,-0.17%
07/27/2021,1409.85,1415.5,1423.3,1408.8,190.31K,0.42%
07/26/2021,1403.96,1397.01,1409.94,1384.87,152.85K,0.17%
07/23/2021,1401.53,1422.07,1430.43,1401.53,235.47K,-1.89%
07/22/2021,1428.48,1404.49,1432.43,1400.2,162.70K,1.56%
07/21/2021,1406.54,1415.71,1422.8,1402.42,149.34K,-0.32%
07/20/2021,1411.02,1379.41,1411.02,1357.31,221.51K,2.68%
07/19/2021,1374.15,1403.96,1413.24,1367.61,268.71K,-4.44%
07/16/2021,1438.05,1439.96,1446.36,1433.16,152.45K,0.54%
07/15/2021,1430.29,1410.3,1441.57,1402.36,189.78K,1.42%
07/14/2021,1410.3,1440.87,1446.13,1395.16,215.23K,-2.12%
07/13/2021,1440.87,1443.1,1457.05,1419.09,174.50K,-0.15%
07/12/2021,1443.1,1494.43,1495.92,1406.14,412.55K,-3.43%
07/09/2021,1494.43,1521.21,1526.35,1480.6,287.67K,-1.76%
07/08/2021,1521.21,1538.77,1538.77,1509.9,218.88K,-1.14%
07/07/2021,1538.77,1488.42,1538.77,1472.81,306.58K,3.38%
07/06/2021,1488.42,1557.41,1565.29,1488.42,298.84K,-4.43%
07/05/2021,1557.41,1554.59,1560.44,1533.18,309.40K,0.18%
07/02/2021,1554.59,1546.54,1558.45,1546.54,242.78K,0.61%
07/01/2021,1545.14,1529.09,1545.14,1525.24,253.52K,1.06%
06/30/2021,1529,1529.97,1540.9,1528.1,192.68K,-0.06%
06/29/2021,1529.97,1521.51,1536.96,1521.51,203.55K,0.56%
06/28/2021,1521.41,1502.02,1523.58,1502.02,215.31K,1.41%
06/25/2021,1500.3,1486.99,1500.94,1480.64,180.21K,0.90%
06/24/2021,1486.96,1489.51,1497.92,1482.38,175.26K,-0.17%
06/23/2021,1489.53,1489.27,1502.79,1485.13,197.84K,0.02%
06/22/2021,1489.24,1481.13,1498.12,1481.13,211.64K,0.74%
06/21/2021,1478.29,1481.15,1486.12,1473.11,205.15K,-0.20%
06/18/2021,1481.3,1461.96,1484.89,1461.96,198.66K,1.33%
06/17/2021,1461.91,1463.98,1469.44,1445.39,211.57K,-0.25%
06/16/2021,1465.58,1486.76,1487.68,1462.99,241.63K,-1.44%
06/15/2021,1487.04,1495.51,1498.75,1481.03,239.02K,-0.57%
06/14/2021,1495.51,1488.88,1504.32,1483.82,249.57K,0.53%
06/11/2021,1487.61,1451.43,1489.95,1448.46,264.96K,2.51%
06/10/2021,1451.18,1457.17,1464.4,1443.74,253.44K,-0.45%
06/09/2021,1457.76,1438.47,1465.93,1426.04,279.95K,1.31%
06/08/2021,1438.97,1481.88,1493.36,1436.72,328.47K,-3.04%
06/07/2021,1484.1,1508.08,1508.65,1472.1,309.81K,-1.61%
06/04/2021,1508.35,1504.18,1509.38,1496.36,336.49K,0.26%
06/03/2021,1504.37,1479.75,1506.27,1479.75,318.35K,1.73%
06/02/2021,1478.85,1482.92,1488.93,1469.49,277.18K,-0.27%
06/01/2021,1482.92,1473.28,1496.55,1473.28,255.91K,0.55%
05/31/2021,1474.78,1459.04,1475.09,1449.66,293.02K,1.10%
05/28/2021,1458.78,1437.74,1460.68,1433.55,300.18K,1.49%
05/27/2021,1437.38,1455.48,1457.46,1433.76,264.79K,-1.22%
05/26/2021,1455.11,1443.93,1456.55,1440.6,233.97K,0.77%
05/25/2021,1444.01,1428.42,1445.6,1427.56,209.78K,0.95%
05/24/2021,1430.48,1425.11,1433.59,1421.17,256.21K,0.38%
05/21/2021,1425.04,1424.77,1433.01,1412.78,267.79K,0.01%
05/20/2021,1424.92,1402.31,1424.92,1396.23,270.20K,1.66%
05/19/2021,1401.71,1378.97,1402.45,1378.43,279.67K,1.68%
05/18/2021,1378.59,1371.75,1381.36,1367.85,252.83K,0.53%
05/17/2021,1371.36,1381.13,1391.89,1371.22,254.61K,-0.63%
05/14/2021,1380.02,1370.14,1386.09,1370.14,251.13K,0.72%
05/13/2021,1370.18,1379.19,1385.72,1370.18,271.90K,-0.72%
05/12/2021,1380.17,1358.59,1380.23,1350.8,264.23K,1.54%
05/11/2021,1359.19,1370.71,1382.06,1359.19,262.05K,-0.84%
05/10/2021,1370.66,1339.75,1371.51,1335.39,302.73K,2.23%
05/07/2021,1340.73,1344.09,1347.8,1329.51,291.44K,-0.29%
05/06/2021,1344.64,1346.93,1352.57,1337.28,226.86K,-0.17%
05/05/2021,1346.89,1328.47,1360.76,1328.47,274.66K,1.42%
05/04/2021,1328.03,1312.08,1329.18,1285.9,274.20K,1.20%
04/29/2021,1312.28,1294.79,1312.62,1294.79,242.34K,1.41%
04/28/2021,1294.06,1283.81,1296.48,1280.54,206.90K,0.80%
04/27/2021,1283.81,1274.32,1283.95,1264.57,171.78K,0.69%
04/26/2021,1275.04,1301.39,1305.73,1269.78,216.95K,-2.02%
04/23/2021,1301.39,1271.52,1301.39,1262.89,245.63K,2.35%
04/22/2021,1271.53,1312.33,1317.5,1271.53,232.54K,-3.13%
04/20/2021,1312.68,1308.03,1331.56,1303.68,244.92K,0.49%
04/19/2021,1306.22,1277.11,1306.22,1271.52,210.60K,2.30%
04/16/2021,1276.87,1283.18,1291.37,1262.52,247.67K,-0.57%
04/15/2021,1284.2,1291.83,1300.84,1283.98,236.68K,-0.51%
04/14/2021,1290.77,1277.31,1290.77,1263.89,207.52K,1.05%
04/13/2021,1277.35,1278.31,1298.78,1276.74,255.77K,-0.07%
04/12/2021,1278.19,1254.39,1279.52,1254.39,267.96K,1.99%
04/09/2021,1253.26,1251.71,1256.06,1245.26,173.79K,0.12%
04/08/2021,1251.81,1257.75,1263.03,1249.45,161.34K,-0.47%
04/07/2021,1257.77,1255.36,1257.77,1248.15,213.31K,0.19%
04/06/2021,1255.36,1248.43,1260.35,1245.16,222.98K,0.44%
04/05/2021,1249.9,1240.24,1256.12,1240.24,219.16K,0.96%
04/02/2021,1238.03,1226.84,1243.67,1226.84,199.25K,0.97%
04/01/2021,1226.16,1196.62,1227.56,1196.39,222.24K,2.50%
03/31/2021,1196.24,1190.86,1203.18,1189.47,171.90K,0.45%
03/30/2021,1190.86,1180.21,1192.9,1175.9,217.51K,0.91%
03/29/2021,1180.07,1167.3,1182.06,1167.3,145.67K,1.10%
03/26/2021,1167.19,1164.38,1170.75,1143.08,172.71K,0.22%
03/25/2021,1164.64,1165.8,1175.86,1159.25,165.90K,-0.08%
03/24/2021,1165.61,1186.04,1186.04,1157.69,190.25K,-1.80%
03/23/2021,1186.98,1198.49,1198.49,1182.22,155.69K,-0.96%
03/22/2021,1198.54,1204,1207.28,1194.79,161.30K,-0.40%
03/19/2021,1203.36,1211.08,1211.08,1201.17,171.42K,-0.68%
03/18/2021,1211.54,1193.71,1211.54,1193.71,155.17K,1.52%
03/17/2021,1193.45,1188.31,1193.45,1183.83,193.60K,0.47%
03/16/2021,1187.84,1191.08,1192.15,1177.05,163.86K,-0.25%
03/15/2021,1190.86,1187.84,1194.29,1184.32,149.68K,0.26%
03/12/2021,1187.81,1188.74,1193.97,1184.64,147.25K,-0.08%
03/11/2021,1188.71,1172.94,1190.47,1172.94,167.31K,1.40%
03/10/2021,1172.26,1163.43,1173.58,1154.29,156.01K,0.80%
03/09/2021,1163,1169.89,1169.89,1150.18,159.98K,-0.60%
03/08/2021,1170,1175.19,1186.29,1164.78,164.93K,-0.33%
03/05/2021,1173.83,1174.36,1174.8,1157.45,205.21K,-0.04%
03/04/2021,1174.29,1195.62,1200.42,1164.63,183.13K,-1.78%
03/03/2021,1195.6,1194.78,1198.36,1189.14,154.44K,0.07%
03/02/2021,1194.71,1192.6,1203.84,1188.01,169.42K,0.24%
03/01/2021,1191.83,1173.72,1192.85,1173.72,191.03K,1.55%
02/26/2021,1173.6,1169.37,1175.4,1153.41,178.99K,0.32%
02/25/2021,1169.82,1168.22,1175.19,1158.06,158.38K,0.23%
02/24/2021,1167.18,1182.76,1192.04,1161.13,178.72K,-1.29%
02/23/2021,1182.47,1180.38,1191.74,1174.18,195.05K,0.16%
02/22/2021,1180.55,1180.48,1190.48,1172.71,175.26K,0.00%
02/19/2021,1180.59,1186.7,1188.61,1168.18,166.18K,-0.62%
02/18/2021,1187.94,1174.8,1187.94,1162.48,183.25K,1.11%
02/17/2021,1174.91,1130.19,1174.91,1130.19,174.12K,4.02%
02/09/2021,1129.49,1092.67,1129.49,1089.85,173.19K,3.38%
02/08/2021,1092.59,1135.5,1136.38,1077.4,228.47K,-3.78%
02/05/2021,1135.5,1117.92,1135.5,1117.92,139.78K,1.59%
02/04/2021,1117.74,1117.52,1126.64,1103.11,155.64K,-0.02%
02/03/2021,1117.98,1080.23,1122.04,1080.23,204.90K,3.55%
02/02/2021,1079.7,1029.55,1079.87,1025.18,162.84K,4.84%
02/01/2021,1029.86,1048.01,1068.93,1029.21,175.34K,-1.76%
01/29/2021,1048.31,1009.96,1070.05,978.85,242.65K,3.72%
01/28/2021,1010.75,1080.83,1080.83,1008.53,282.13K,-6.73%
01/27/2021,1083.63,1122.92,1125.25,1073.74,241.01K,-3.69%
01/26/2021,1125.09,1153.94,1155.32,1107.54,236.71K,-2.53%
01/25/2021,1154.29,1156.55,1164.7,1149.26,198.48K,-0.20%
01/22/2021,1156.58,1151.3,1164.45,1147.88,210.39K,0.46%
01/21/2021,1151.3,1116.21,1152.9,1114.26,204.60K,3.14%
01/20/2021,1116.21,1108.92,1121.97,1073.13,262.60K,0.80%
01/19/2021,1107.32,1173.27,1173.61,1098.47,324.71K,-5.63%
01/18/2021,1173.34,1183.25,1188.53,1171.96,199.29K,-0.75%
01/15/2021,1182.2,1169.27,1185.46,1169.27,211.72K,1.13%
01/14/2021,1168.99,1165.22,1169.97,1156.58,229.62K,0.38%
01/13/2021,1164.57,1169.16,1178.44,1161.87,187.36K,-0.38%
01/12/2021,1169.03,1163.44,1169.38,1155.9,202.52K,0.48%
01/11/2021,1163.4,1148.06,1165.99,1148.06,222.79K,1.35%
01/08/2021,1147.86,1131,1156.38,1131,220.09K,1.53%
01/07/2021,1130.59,1113.88,1130.59,1113.88,215.40K,1.51%
01/06/2021,1113.72,1105.74,1125.63,1104.99,225.23K,0.85%
01/05/2021,1104.3,1090.71,1106.29,1086.07,191.64K,1.14%
01/04/2021,1091.87,1072.44,1097.61,1072.44,233.73K,1.97%
12/31/2020,1070.77,1059.16,1074.02,1058.9,136.03K,1.10%
12/30/2020,1059.16,1059.2,1069.5,1055.25,173.02K,0.07%
12/29/2020,1058.39,1054.23,1062.61,1050.05,153.42K,0.39%
12/28/2020,1054.23,1053.37,1063.09,1047.45,190.25K,0.20%
12/25/2020,1052.13,1033.86,1052.16,1026.05,161.86K,1.76%
12/24/2020,1033.95,1045.97,1051.56,1013.9,212.71K,-1.12%
12/23/2020,1045.7,1053.89,1058.91,1043.88,203.33K,-0.62%
12/22/2020,1052.23,1051.17,1053.81,1043.8,204.62K,0.24%
12/21/2020,1049.71,1038,1052.85,1038,187.66K,1.26%
12/18/2020,1036.65,1016.95,1037.98,1016.95,183.61K,1.94%
12/17/2020,1016.95,1028.63,1028.63,1015.86,226.64K,-1.24%
12/16/2020,1029.72,1013.66,1029.72,1013.66,178.53K,1.65%
12/15/2020,1013.02,1024.4,1025.34,1009.8,173.34K,-1.10%
12/14/2020,1024.28,1008.86,1024.28,1008.86,160.38K,1.55%
12/11/2020,1008.65,994.34,1008.65,994.29,127.66K,1.45%
12/10/2020,994.28,1004.42,1008.6,994.28,173.56K,-0.97%
12/09/2020,1004.03,993.61,1004.61,993.61,180.90K,1.05%
12/08/2020,993.61,992.01,996.64,988.71,153.45K,0.16%
12/07/2020,992.01,984.25,992.59,984.07,148.30K,0.78%
12/04/2020,984.34,985.91,988.68,983.03,182.02K,-0.11%
12/03/2020,985.44,980.17,986.4,978.16,183.52K,0.56%
12/02/2020,979.95,976.27,981.28,973.58,187.86K,0.37%
12/01/2020,976.35,963.57,976.44,951.92,213.41K,1.08%
11/30/2020,965.89,971.39,975.46,965.89,168.72K,-0.54%
11/27/2020,971.11,964.32,971.11,963.69,142.66K,0.72%
11/26/2020,964.16,960.29,964.16,953.46,156.14K,0.37%
11/25/2020,960.63,959.68,963.81,957.09,175.12K,0.11%
11/24/2020,959.61,959.99,964.53,948.67,184.87K,-0.04%
11/23/2020,960.03,950.98,961.35,946.14,164.65K,0.96%
11/20/2020,950.89,944.85,950.89,942.28,125.70K,0.63%
11/19/2020,944.92,938.6,945.06,936.32,166.09K,0.77%
11/18/2020,937.67,935.24,939.62,931.18,153.57K,0.32%
11/17/2020,934.65,916.25,934.65,916.25,129.18K,2.04%
11/16/2020,915.97,931.4,939.1,915.23,173.01K,-1.64%
11/13/2020,931.2,923.04,931.2,923,122.99K,0.89%
11/12/2020,923,916.89,923,916.21,85.35K,0.69%
11/11/2020,916.68,916.98,919.95,910.39,114.39K,0.02%
11/10/2020,916.5,917.45,929.66,916.5,137.87K,-0.10%
11/09/2020,917.42,902.91,917.42,902.91,108.93K,1.61%
11/06/2020,902.91,903.68,907.67,899.51,79.12K,-0.08%
11/05/2020,903.64,905.55,913.2,903.64,97.63K,-0.20%
11/04/2020,905.48,902.38,910.59,900.74,112.22K,0.37%
11/03/2020,902.14,899.73,904.78,897.3,110.88K,0.32%
11/02/2020,899.27,892.68,900.03,889.83,83.56K,0.75%
10/30/2020,892.55,887.34,893.42,875.84,130.03K,0.66%
10/29/2020,886.68,887.99,894.19,879.74,151.63K,-0.25%
10/28/2020,888.88,913.31,916,888.88,183.44K,-2.90%
10/27/2020,915.46,919.56,926.52,914.72,189.91K,-0.45%
10/26/2020,919.56,929.5,942.72,919.56,167.43K,-1.15%
10/23/2020,930.3,918.84,930.59,918.84,163.04K,1.31%
10/22/2020,918.3,906.1,918.3,901.96,133.65K,1.35%
10/21/2020,906.1,909.49,918.14,905.08,152.21K,-0.37%
10/20/2020,909.49,903.57,909.49,899.42,179.99K,0.66%
10/19/2020,903.51,899.61,906.16,899.61,142.17K,0.21%
10/16/2020,901.59,899.58,906.17,892.7,157.35K,0.27%
10/15/2020,899.2,896.5,901.71,893.94,167.59K,0.79%
10/14/2020,892.15,878.94,892.25,878.94,176.57K,1.57%
10/13/2020,878.35,874.58,879.25,872.36,103.92K,0.39%
10/12/2020,874.9,874.72,882.84,871.58,130.26K,0.04%
10/09/2020,874.53,869.8,875.52,868.36,115.72K,0.54%
10/08/2020,869.82,870.88,873.13,864.55,139.81K,-0.12%
10/07/2020,870.85,870.98,876.31,867.06,157.15K,-0.06%
10/06/2020,871.37,867.74,872.39,866.12,148.28K,0.42%
10/05/2020,867.7,861.51,869.09,861.51,115.09K,0.72%
10/02/2020,861.51,867.58,870.8,850.61,164.53K,-0.70%
10/01/2020,867.58,859.27,868.3,859.27,106.52K,1.05%
09/30/2020,858.54,856.2,860.1,852.54,104.92K,0.27%
09/29/2020,856.2,863.59,871.99,856.2,135.08K,-0.82%
09/28/2020,863.31,854.84,863.98,854.84,134.68K,1.01%
09/25/2020,854.71,853.19,856.79,850.1,105.36K,0.18%
09/24/2020,853.21,858.14,858.89,852.29,90.21K,-0.59%
09/23/2020,858.3,852.88,860.34,852.88,111.92K,0.65%
09/22/2020,852.72,851.54,854.69,846.03,130.39K,0.14%
09/21/2020,851.54,841.28,852.65,841.28,106.12K,1.22%
09/18/2020,841.26,831.84,842.1,831.84,94.17K,1.13%
09/17/2020,831.84,834.6,837.76,829.08,96.61K,-0.32%
09/16/2020,834.5,833.31,834.52,831.33,54.11K,0.14%
09/15/2020,833.33,832.27,835.42,831.13,87.51K,0.13%
09/14/2020,832.24,825.69,833.09,825.69,65.50K,0.81%
09/11/2020,825.56,825.81,827.83,821.97,64.10K,-0.04%
09/10/2020,825.85,824.42,832.61,824.42,67.66K,0.17%
09/09/2020,824.42,827.5,828.38,816.51,82.99K,-0.38%
09/08/2020,827.57,824.62,829.22,819.02,81.33K,0.39%
09/07/2020,824.36,840.64,843.8,824.36,98.25K,-1.92%
09/04/2020,840.54,843.22,843.22,833.54,103.34K,-0.37%
09/03/2020,843.64,832.27,844.27,832.27,104.71K,1.40%
09/01/2020,832.03,823.93,832.87,821.74,78.82K,0.98%
08/31/2020,823.93,822.01,831.76,820.66,82.42K,0.24%
08/28/2020,821.93,814.55,828.88,814.55,102.83K,0.91%
08/27/2020,814.55,812.47,814.64,810.68,72.35K,0.27%
08/26/2020,812.36,815.19,816.68,811.45,89.05K,-0.35%
08/25/2020,815.18,809.34,818.94,809.34,107.20K,0.68%
08/24/2020,809.69,793.46,810.17,793.46,102.48K,2.03%
08/21/2020,793.6,786.14,795.05,786.14,78.12K,0.95%
08/20/2020,786.11,789.41,793.35,783.57,65.87K,-0.42%
08/19/2020,789.41,787.23,791.85,786.01,51.47K,0.31%
08/18/2020,786.95,791.6,792.13,784.93,41.66K,-0.58%
08/17/2020,791.54,791.89,793.61,782.52,57.17K,-0.06%
08/14/2020,791.98,795.13,801.61,789.12,85.64K,-0.39%
08/13/2020,795.09,789.26,795.69,789.26,62.11K,0.85%
08/12/2020,788.42,784.58,790.01,784.23,71.95K,0.49%
08/11/2020,784.57,784.74,788.92,781.04,60.22K,0.03%
08/10/2020,784.3,782.5,791.67,782.5,79.38K,0.27%
08/07/2020,782.15,781.61,785.99,778.45,68.20K,0.07%
08/06/2020,781.6,780.69,787.27,776.04,64.07K,0.11%
08/05/2020,780.71,768.22,782.09,761.26,84.98K,1.63%
08/04/2020,768.22,759.19,768.46,759.19,62.08K,1.37%
08/03/2020,757.86,740.33,758.3,738.64,75.71K,2.31%
07/31/2020,740.73,745.33,747.56,731.14,58.08K,-0.71%
07/30/2020,746.02,735.3,746.74,735.3,51.15K,1.48%
07/29/2020,735.16,755.14,755.14,722.85,95.38K,-2.78%
07/28/2020,756.17,730.55,757.5,730.55,106.76K,3.59%
07/27/2020,729.93,767.3,767.3,726.02,127.33K,-5.48%
07/24/2020,772.29,798.89,798.89,760.56,142.23K,-3.50%
07/23/2020,800.29,797.85,800.29,794.59,73.62K,0.31%
07/22/2020,797.85,804.26,806.93,797.82,65.22K,-0.85%
07/21/2020,804.7,803.55,806.34,799.98,62.63K,0.17%
07/20/2020,803.36,814,814,803.36,69.31K,-1.33%
07/17/2020,814.16,819.27,819.27,812.61,65.44K,-0.69%
07/16/2020,819.83,810.16,819.83,809.41,64.52K,1.19%
07/15/2020,810.16,805.38,815.09,805.38,53.47K,0.59%
07/14/2020,805.37,805.21,805.92,798.21,60.12K,-0.10%
07/13/2020,806.17,809.03,814.35,802.5,65.61K,-0.35%
07/10/2020,809.02,816.76,817.67,806.67,71.22K,-0.99%
07/09/2020,817.08,805.12,819.45,805.12,81.03K,1.49%
07/08/2020,805.06,805.67,807.09,801.57,52.13K,-0.08%
07/07/2020,805.68,803.61,812.48,803.61,87.36K,0.28%
07/06/2020,803.46,790.08,803.76,790.08,74.21K,1.72%
07/03/2020,789.87,785.81,790.3,785.81,43.30K,0.54%
07/02/2020,785.59,786.82,788.88,781.45,54.06K,-0.16%
07/01/2020,786.82,770.23,787.38,770.02,56.96K,2.11%
06/30/2020,770.53,774.84,784.44,765.62,74.26K,-0.55%
06/29/2020,774.81,795.11,795.11,768.99,97.11K,-2.60%
06/26/2020,795.53,796.7,803.88,793.08,53.64K,-0.12%
06/25/2020,796.51,801.29,801.29,791.38,74.55K,-0.64%
06/24/2020,801.62,807.9,813.47,799.35,74.69K,-0.74%
06/23/2020,807.61,809.53,812.24,803.96,95.81K,-0.29%
06/22/2020,809.97,808.58,812.99,805.24,68.48K,0.21%
06/19/2020,808.28,797.21,808.28,797.03,81.05K,1.41%
06/18/2020,797.08,795.84,800.03,788.72,58.89K,0.08%
06/17/2020,796.43,798.82,802.06,793.2,76.20K,-0.30%
06/16/2020,798.82,779.8,801.42,779.8,84.86K,2.58%
06/15/2020,778.71,808.58,813.59,778.71,141.90K,-3.60%
06/12/2020,807.76,803.11,807.76,782.7,183.06K,0.11%
06/11/2020,806.87,839.11,842.76,806.64,191.85K,-3.84%
06/10/2020,839.11,836.8,842.21,827.6,164.04K,0.25%
06/09/2020,837.02,839.19,843.58,836.13,152.49K,-0.18%
06/08/2020,838.52,826.79,845.63,826.79,155.92K,1.46%
06/05/2020,826.47,823.46,826.47,818.33,147.69K,0.33%
06/04/2020,823.77,824.3,831.49,823.51,135.47K,-0.06%
06/03/2020,824.29,819.02,824.54,818.33,89.26K,0.68%
06/02/2020,818.7,821.89,827.11,818.12,147.39K,-0.34%
06/01/2020,821.47,806.44,821.47,806.44,176.78K,1.89%
05/29/2020,806.23,804,808.83,801.46,76.81K,0.27%
05/28/2020,804.06,801.38,810.43,800.16,91.47K,0.34%
05/27/2020,801.36,816.04,821.36,801.36,119.12K,-1.67%
05/26/2020,815.01,807.55,815.96,807.55,101.93K,0.96%
05/25/2020,807.25,803.35,809.12,799.23,81.74K,0.51%
05/22/2020,803.14,815.51,815.51,802.82,95.16K,-1.52%
05/21/2020,815.55,803.57,815.55,802.49,134.97K,1.52%
05/20/2020,803.32,799.28,803.35,793.75,97.44K,0.50%
05/19/2020,799.31,787.53,808.17,787.53,119.34K,1.53%
05/18/2020,787.27,773.95,787.27,770.61,81.99K,1.72%
05/15/2020,773.95,780.73,785.26,771.25,80.44K,-0.87%
05/14/2020,780.73,783.69,785.1,773.62,86.24K,-0.38%
05/13/2020,783.69,781.85,788.06,760.2,122.45K,0.16%
05/12/2020,782.45,777.35,783.77,766.7,104.56K,0.68%
05/11/2020,777.13,760.86,777.13,760.66,107.52K,2.23%
05/08/2020,760.15,740.14,773.22,740.14,146.26K,2.73%
05/07/2020,739.98,726.17,739.98,726.17,82.60K,1.93%
05/06/2020,725.94,711.34,725.94,709.77,77.21K,2.10%
05/05/2020,711.01,710.22,714.59,707.49,48.70K,0.23%
05/04/2020,709.35,714.9,716.05,706.47,65.87K,-0.84%
04/29/2020,715.33,715.74,719.18,713.62,69.76K,-0.06%
04/28/2020,715.74,719.45,721.73,711.84,64.78K,-0.54%
04/27/2020,719.66,724.76,735.28,719.66,81.80K,-0.74%
04/24/2020,725.05,717.49,725.52,711.14,64.55K,1.05%
04/23/2020,717.49,715.62,729.99,715.62,63.43K,0.43%
04/22/2020,714.42,706.54,718.62,692.03,86.11K,1.10%
04/21/2020,706.65,734.14,734.14,702.61,128.95K,-4.03%
04/20/2020,736.31,736.1,742.27,729.52,99.01K,0.18%
04/17/2020,734.98,727.51,736.17,727.51,100.57K,1.16%
04/16/2020,726.57,721.73,726.71,714.52,72.70K,0.52%
04/15/2020,722.8,714.39,726.2,714.39,91.99K,1.26%
04/14/2020,713.81,706.37,713.81,699.03,94.92K,1.05%
04/13/2020,706.37,695.84,714.58,695.84,82.30K,1.53%
04/10/2020,695.74,697.9,701.77,687.18,146.87K,-0.30%
04/09/2020,697.85,691.17,704.18,691.17,111.27K,0.97%
04/08/2020,691.17,693.66,693.66,675.26,76.67K,-0.35%
04/07/2020,693.61,682.65,695.45,677.03,117.08K,1.61%
04/06/2020,682.65,649.15,682.65,649.15,127.16K,5.16%
04/03/2020,649.15,630.37,649.15,630.37,84.13K,3.24%
04/01/2020,628.79,609.35,631.6,606.03,73.25K,2.95%
03/31/2020,610.76,613.33,629.08,598.6,77.47K,-0.37%
03/30/2020,613.02,641.92,641.92,605,81.04K,-4.55%
03/27/2020,642.23,646.61,649.17,633.41,102.65K,-0.69%
03/26/2020,646.7,651.94,655.06,639.02,74.10K,-0.86%
03/25/2020,652.31,625.83,652.31,625.83,86.27K,4.30%
03/24/2020,625.43,632.63,633.97,619.07,85.90K,-1.17%
03/23/2020,632.86,671.05,671.05,628.46,81.06K,-6.06%
03/20/2020,673.7,679.78,683.55,668.9,81.17K,-0.86%
03/19/2020,679.55,699.35,699.35,669.04,73.19K,-3.01%
03/18/2020,700.65,699.73,705.3,695.42,77.44K,0.13%
03/17/2020,699.73,698,702.36,673.21,80.44K,0.22%
03/16/2020,698.18,716.65,716.65,688.8,74.03K,-2.58%
03/13/2020,716.65,715.34,722.3,674.36,113.47K,-0.36%
03/12/2020,719.21,757.9,757.9,710.33,113.24K,-5.14%
03/11/2020,758.16,789.75,795.98,746.83,99.25K,-3.97%
03/10/2020,789.51,782.85,794.88,762.34,90.06K,0.85%
03/09/2020,782.85,835.65,835.65,781.12,107.13K,-6.35%
03/06/2020,835.97,838.77,838.77,827.12,53.91K,-0.38%
03/05/2020,839.12,838.93,846.58,836.32,67.02K,0.13%
03/04/2020,837.99,838.02,839.26,831.2,52.99K,0.00%
03/03/2020,837.99,835.14,846.21,835.14,64.18K,0.31%
03/02/2020,835.42,831.25,837.99,827.23,69.31K,0.41%
02/28/2020,831.97,844.02,844.02,823.09,69.89K,-1.93%
02/27/2020,848.34,841.19,849.18,836.56,55.42K,0.79%
02/26/2020,841.68,849.56,849.56,837.52,54.64K,-0.93%
02/25/2020,849.58,836.54,849.58,827.81,69.29K,1.45%
02/24/2020,837.4,867.56,867.56,837.4,95.17K,-3.62%
02/21/2020,868.89,871.49,877.52,868.59,66.76K,-0.29%
02/20/2020,871.4,864,872.86,864,59.01K,0.88%
02/19/2020,863.84,860.23,865.4,859.65,52.57K,0.25%
02/18/2020,861.71,866.06,866.61,858.61,60.23K,-0.53%
02/17/2020,866.27,865.83,867.45,862.75,58.44K,0.05%
02/14/2020,865.86,865.03,868.84,863.14,74.65K,0.20%
02/13/2020,864.16,862.72,864.79,858.46,58.43K,0.11%
02/12/2020,863.23,856.64,870.1,856.64,80.78K,0.80%
02/11/2020,856.39,853.09,859.38,853.09,70.07K,0.41%
02/10/2020,852.87,863.28,863.28,848.21,46.86K,-1.23%
02/07/2020,863.49,862.71,865.91,858.02,72.83K,0.07%
02/06/2020,862.86,845.38,862.86,842.68,97.62K,2.08%
02/05/2020,845.31,845.65,854.72,840.41,63.59K,-0.02%
02/04/2020,845.52,842.79,849.8,833.93,73.13K,0.34%
02/03/2020,842.67,848.42,848.42,803.73,91.77K,-0.70%
01/31/2020,848.63,875.43,876.59,848.63,83.27K,-3.10%
01/30/2020,875.82,908.2,908.2,870.53,80.14K,-3.66%
